Fecha;Gasolina superior;Gasolina regular;"Total
gasolinas";Diesel alto azufre;Diesel bajo azufre;Diesel ultra bajo azufre;Diesel;Gas licuado de petr—leo;Gasolina de aviaci—n;Kerosina;Combustible turbo jet;Bunker;Asfalto ;Petcoke;Aceites lubricantes;Grasas lubricantes;Solventes;Naftas;Ceras;Butano;Petr—leo reconstituido;MTBE;Orimulsi—n;Mezclas oleosas;Petr—leo crudo;Total importaci—n
ene-01;373,963.96;177,776.50;551,740.46;566,101.99; - ; - ;566,101.99;194,065.74;820;33,834.03; - ;214,581.84;27,748.99; - ; - ; - ; - ; - ; - ; - ;715,344.00;8,402.00; - ; - ; - ;2,312,639.05
feb-01;243,091.07;123,115.99;366,207.06;489,525.80; - ; - ;489,525.80;170,703.38;3,054.00;67,439.95; - ;294,609.00;7,503.57; - ; - ; - ; - ; - ; - ; - ;370,166.00; - ; - ; - ; - ;1,769,208.76
mar-01;312,084.38;161,726.42;473,810.80;575,559.68; - ; - ;575,559.68;161,837.37;677;31,787.29; - ;315,263.80;26,304.32; - ; - ; - ; - ; - ; - ; - ;360,530.00; - ; - ; - ; - ;1,945,770.26
abr-01;285,054.89;127,338.74;412,393.63;437,745.42; - ; - ;437,745.42;163,048.64;3,399.00;25,801.18; - ;205,653.00;7,885.89; - ; - ; - ; - ; - ; - ; - ;359,527.00;8,184.00; - ; - ; - ;1,623,637.76
may-01;300,913.67;168,730.19;469,643.86;552,609.13; - ; - ;552,609.13;171,518.86;585;45,529.33; - ;278,371.30;8,443.16; - ; - ; - ; - ; - ; - ; - ;723,346.00;12,680.00; - ; - ; - ;2,262,726.64
jun-01;333,217.19;152,899.09;486,116.28;497,855.26; - ; - ;497,855.26;190,004.42;492;64,444.95; - ;218,765.60;6,229.04; - ; - ; - ; - ; - ; - ; - ;360,369.00; - ; - ; - ; - ;1,824,276.55
jul-01;195,071.86;136,299.13;331,370.99;302,350.02; - ; - ;302,350.02;206,022.83;655;23,654.10; - ;156,109.00;3,103.99; - ; - ; - ; - ; - ; - ; - ;360,570.00;10,642.00; - ; - ; - ;1,394,477.93
ago-01;268,153.26;139,365.07;407,518.33;464,159.13; - ; - ;464,159.13;100,561.47;607;49,890.61; - ;189,692.60;27,821.06; - ; - ; - ; - ; - ; - ; - ;719,303.00;13,357.00; - ; - ; - ;1,972,910.20
sep-01;308,439.07;233,643.75;542,082.82;321,952.94; - ; - ;321,952.94;186,839.02;3,868.00;41,519.91; - ;385,142.30;2,324.85; - ; - ; - ; - ; - ; - ; - ;360,635.00; - ; - ; - ; - ;1,844,364.84
oct-01;305,102.28;141,550.22;446,652.50;438,989.55; - ; - ;438,989.55;163,864.20;650;32,657.33; - ;214,138.00;1,484.40; - ; - ; - ; - ; - ; - ; - ;717,717.00;19,431.00; - ; - ; - ;2,035,583.98
nov-01;256,638.19;165,841.46;422,479.65;440,245.35; - ; - ;440,245.35;194,722.50;2,988.00;23,876.81; - ;142,282.26;895.44; - ; - ; - ; - ; - ; - ; - ;356,364.00; - ; - ; - ; - ;1,583,854.01
dic-01;277,145.05;149,217.67;426,362.72;479,983.27; - ; - ;479,983.27;194,329.02;350;22,948.95; - ;307,427.20;321.3; - ; - ; - ; - ; - ; - ; - ;366,828.00;14,822.00; - ; - ; - ;1,813,372.46
ene-02;271,479.00;178,585.93;450,064.93;500,041.32; - ; - ;500,041.32;168,422.62; - ;25,109.50; - ;332,302.30;1,978.12; - ; - ; - ; - ; - ; - ; - ;724,812.00;11,481.00; - ; - ; - ;2,214,211.79
feb-02;365,657.75;144,447.25;510,105.00;686,923.83; - ; - ;686,923.83;200,141.36;3,499.00;41,050.42; - ;285,980.00;114; - ; - ; - ; - ; - ; - ; - ;368,318.00; - ; - ; - ; - ;2,096,131.61
mar-02;246,292.60;104,673.64;350,966.24;432,538.46; - ; - ;432,538.46;193,422.60;485;19,066.89; - ;175,483.30;2,147.65; - ; - ; - ; - ; - ; - ; - ;730,957.00;12,350.00; - ; - ; - ;1,917,417.14
abr-02;310,256.30;190,339.00;500,595.30;424,667.36; - ; - ;424,667.36;218,257.51;441;33,748.80; - ;358,010.70;25,060.00; - ; - ; - ; - ; - ; - ; - ;365,663.00; - ; - ; - ; - ;1,926,443.67
may-02;363,311.76;194,830.10;558,141.86;497,781.66; - ; - ;497,781.66;159,299.42;534;33,775.30; - ;307,343.57;1,170.05; - ; - ; - ; - ; - ; - ; - ;369,420.00;13,280.00; - ; - ; - ;1,940,745.86
jun-02;250,123.19;137,050.80;387,173.99;496,826.62; - ; - ;496,826.62;210,874.61;3,138.00;6,005.88; - ;412,133.78;3,120.87; - ; - ; - ; - ; - ; - ; - ;726,775.00;17,839.00; - ; - ; - ;2,263,887.75
jul-02;428,842.80;222,408.00;651,250.80;636,727.84; - ; - ;636,727.84;199,708.55;488;18,227.39; - ;242,340.18;584.36; - ; - ; - ; - ; - ; - ; - ;365,679.00; - ; - ; - ; - ;2,115,006.12
ago-02;298,280.33;143,795.00;442,075.33;346,225.00; - ; - ;346,225.00;192,213.74;3,477.00;24,692.87; - ;346,153.70;1,268.58; - ; - ; - ; - ; - ; - ; - ;364,878.00; - ; - ; - ; - ;1,720,984.22
sep-02;331,053.70;156,956.90;488,010.60;638,933.22; - ; - ;638,933.22;190,686.73;466;37,242.20; - ;300,348.73;5,463.83; - ; - ; - ; - ; - ; - ; - ; - ; - ; - ; - ; - ;1,661,151.31
oct-02;352,055.50;195,426.80;547,482.30;703,749.81; - ; - ;703,749.81;210,871.19;2,400.00;63,543.82; - ;343,702.00;2,158.97; - ; - ; - ; - ; - ; - ; - ; - ; - ; - ; - ; - ;1,873,908.09
nov-02;291,188.76;153,185.70;444,374.46;573,289.50; - ; - ;573,289.50;227,595.86;582;33,324.44; - ;508,787.00;1,707.57; - ; - ; - ; - ; - ; - ; - ; - ; - ; - ; - ; - ;1,789,660.83
dic-02;440,677.81;167,596.71;608,274.52;678,749.64; - ; - ;678,749.64;192,272.02;3,379.00;47,548.06; - ;561,334.63;1,462.84; - ; - ; - ; - ; - ; - ; - ; - ; - ; - ; - ; - ;2,093,020.71
ene-03;425,185.50;228,269.50;653,455.00;797,344.38; - ; - ;797,344.38;237,532.26;720;48,243.38; - ;433,367.10;2,225.46; - ; - ; - ; - ; - ; - ; - ; - ; - ; - ; - ; - ;2,172,887.58
feb-03;443,849.85;214,490.70;658,340.55;765,912.66; - ; - ;765,912.66;169,819.00;254;74,118.22; - ;333,362.76;2,497.86; - ; - ; - ; - ; - ; - ; - ; - ; - ; - ; - ; - ;2,004,305.05
mar-03;363,352.66;161,257.48;524,610.14;693,942.31; - ; - ;693,942.31;221,030.86;1,203.00;20,757.68; - ;555,012.30;5,342.26; - ; - ; - ; - ; - ; - ; - ; - ; - ; - ; - ; - ;2,021,898.55
abr-03;335,444.69;189,824.89;525,269.58;873,103.10; - ; - ;873,103.10;192,170.14;3,520.00;71,377.38; - ;470,787.51;5,453.73; - ; - ; - ; - ; - ; - ; - ; - ; - ; - ; - ; - ;2,141,681.44
may-03;459,025.69;269,981.86;729,007.55;625,190.08; - ; - ;625,190.08;185,016.67; - ;43,468.04; - ;512,728.76;10,331.91; - ; - ; - ; - ; - ; - ; - ; - ; - ; - ; - ; - ;2,105,743.01
jun-03;372,486.53;182,254.23;554,740.76;671,882.83; - ; - ;671,882.83;231,805.03;3,137.00;75,168.64; - ;334,426.35;3,188.55; - ; - ; - ; - ; - ; - ; - ; - ; - ; - ; - ; - ;1,874,349.16
jul-03;400,922.97;133,668.20;534,591.17;822,014.55; - ; - ;822,014.55;216,504.93;906;29,429.84; - ;475,755.86;5,942.79; - ; - ; - ; - ; - ; - ; - ; - ; - ; - ; - ; - ;2,085,145.14
ago-03;292,365.04;169,903.86;462,268.90;494,087.13; - ; - ;494,087.13;209,952.38;48;55,600.70; - ;518,231.66;7,034.51; - ; - ; - ; - ; - ; - ; - ; - ; - ; - ; - ; - ;1,747,223.28
sep-03;398,192.16;177,217.53;575,409.69;614,913.68; - ; - ;614,913.68;231,499.19; - ;66,626.70; - ;360,969.08;5,189.42; - ; - ; - ; - ; - ; - ; - ; - ; - ; - ; - ; - ;1,854,607.76
oct-03;260,219.92;181,668.03;441,887.95;433,084.99; - ; - ;433,084.99;216,302.81;2,719.00;61,154.50; - ;536,918.24;7,645.76; - ; - ; - ; - ; - ; - ; - ; - ; - ; - ; - ; - ;1,699,713.25
nov-03;393,951.96;205,624.08;599,576.04;627,189.78; - ; - ;627,189.78;232,526.98; - ;50,841.70; - ;717,557.85;6,163.71; - ; - ; - ; - ; - ; - ; - ; - ; - ; - ; - ; - ;2,233,856.06
dic-03;296,780.15;161,477.73;458,257.88;745,524.88; - ; - ;745,524.88;214,489.86;2,649.00;67,894.90; - ;286,775.50;8,962.13; - ; - ; - ; - ; - ; - ; - ; - ; - ; - ; - ; - ;1,784,554.15
ene-04;368,235.14;173,427.23;541,662.37;762,385.45; - ; - ;762,385.45;251,271.55; - ;59,343.10; - ;475,730.96;8,309.85;155,510.03; - ; - ; - ; - ; - ; - ; - ; - ; - ; - ; - ;2,254,213.30
feb-04;281,891.97;147,939.23;429,831.20;460,947.50; - ; - ;460,947.50;197,730.29; - ;49,226.20; - ;348,162.02;10,379.19; - ; - ; - ; - ; - ; - ; - ; - ; - ;249,982.70; - ; - ;1,746,259.10
mar-04;486,880.82;275,539.38;762,420.20;772,128.26; - ; - ;772,128.26;253,366.12;2,300.00;47,021.80; - ;474,292.60;12,318.35;144,859.00; - ; - ; - ; - ; - ; - ; - ; - ; - ; - ; - ;2,468,706.33
abr-04;415,426.00;245,156.34;660,582.34;809,194.95; - ; - ;809,194.95;206,671.88;2,920.00;58,717.90; - ;415,311.51;14,014.84; - ; - ; - ; - ; - ; - ; - ; - ; - ;311,711.21; - ; - ;2,479,124.63
may-04;350,052.95;178,387.80;528,440.75;634,209.64; - ; - ;634,209.64;202,368.21; - ;71,209.20; - ;238,958.31;13,384.38;137,087.50; - ; - ; - ; - ; - ; - ; - ; - ; - ; - ; - ;1,825,657.99
jun-04;311,238.01;133,341.00;444,579.01;461,381.79; - ; - ;461,381.79;231,850.33; - ;90,154.80; - ;533,789.63;15,485.81; - ; - ; - ; - ; - ; - ; - ; - ; - ;311,270.32; - ; - ;2,088,511.69
jul-04;249,710.69;152,075.75;401,786.44;467,154.31; - ; - ;467,154.31;220,449.26;257;13,662.00; - ;108,059.00;14,504.73;155,914.00; - ; - ; - ; - ; - ; - ; - ; - ; - ; - ; - ;1,381,786.74
ago-04;434,578.12;208,592.85;643,170.97;669,462.53; - ; - ;669,462.53;215,881.07;3,375.00;79,589.70; - ;315,109.00;13,756.04; - ; - ; - ; - ; - ; - ; - ; - ; - ;315,915.92; - ; - ;2,256,260.23
sep-04;420,550.29;218,499.24;639,049.53;714,039.85; - ; - ;714,039.85;252,058.26; - ;69,168.50; - ;434,142.76;14,546.91;146,223.00; - ; - ; - ; - ; - ; - ; - ; - ; - ; - ; - ;2,269,228.81
oct-04;366,886.30;201,907.67;568,793.97;655,715.05; - ; - ;655,715.05;208,715.48;697;82,916.50; - ;411,472.34;11,315.28; - ; - ; - ; - ; - ; - ; - ; - ; - ;313,440.96; - ; - ;2,253,066.58
nov-04;434,710.94;215,838.32;650,549.26;726,697.88; - ; - ;726,697.88;195,645.45;1,647.00;49,233.00; - ;293,179.62;2,029.03;152,894.50; - ; - ; - ; - ; - ; - ; - ; - ;318,754.00; - ; - ;2,390,629.74
dic-04;433,149.96;227,094.71;660,244.67;781,266.61; - ; - ;781,266.61;278,688.52;1,396.00;59,035.30; - ;243,611.33;2,090.04; - ; - ; - ; - ; - ; - ; - ; - ; - ; - ; - ; - ;2,026,332.47
ene-05;257,867.99;202,374.33;460,242.32;663,058.79; - ; - ;663,058.79;226,452.50;3,105.00;33,986.00; - ;318,657.90;10,798.98;141,267.50; - ; - ; - ; - ; - ; - ; - ; - ;338,810.04; - ; - ;2,196,379.03
feb-05;306,660.39;178,104.72;484,765.11;683,664.39; - ; - ;683,664.39;179,212.81; - ;62,584.20; - ;303,067.68;13,495.30; - ; - ; - ; - ; - ; - ; - ; - ; - ; - ; - ; - ;1,726,789.49
mar-05;431,907.81;217,667.69;649,575.50;778,645.07; - ; - ;778,645.07;271,163.05;3,100.00;70,706.00; - ;436,935.02;17,405.13;147,361.50; - ; - ; - ; - ; - ; - ; - ; - ; - ; - ; - ;2,374,891.27
abr-05;534,151.81;234,492.03;768,643.84;708,164.74; - ; - ;708,164.74;187,599.95; - ;48,655.10; - ;339,926.16;13,520.46;137,890.50; - ; - ; - ; - ; - ; - ; - ; - ;316,798.00; - ; - ;2,521,198.75
may-05;378,616.30;192,734.40;571,350.70;875,087.62; - ; - ;875,087.62;243,625.26;3,365.00;61,188.20; - ;572,328.31;16,284.91;134,700.50; - ; - ; - ; - ; - ; - ; - ; - ;344,685.00; - ; - ;2,822,615.50
jun-05;537,398.43;243,343.68;780,742.11;1,041,016.72; - ; - ;1,041,016.72;256,001.38;609;35,505.90; - ;471,302.18;16,063.20; - ; - ; - ; - ; - ; - ; - ; - ; - ; - ; - ; - ;2,601,240.49
jul-05;363,410.90;175,946.30;539,357.20;770,731.74; - ; - ;770,731.74;351,089.64;673;57,335.20; - ;447,607.75;10,382.08;147,994.00; - ; - ; - ; - ; - ; - ; - ; - ;312,030.00; - ; - ;2,637,200.61
ago-05;566,618.55;173,810.38;740,428.93;815,435.20; - ; - ;815,435.20;115,098.57; - ;24,343.00; - ;201,638.98;13,408.17; - ; - ; - ; - ; - ; - ; - ; - ; - ; - ; - ; - ;1,910,352.85
sep-05;193,484.50;81,015.30;274,499.80;229,764.74; - ; - ;229,764.74;461,957.15;177;65,426.30; - ;184,318.28;19,894.97;147,735.50; - ; - ; - ; - ; - ; - ; - ; - ;329,946.00; - ; - ;1,713,719.74
oct-05;528,877.09;145,325.65;674,202.74;671,848.94; - ; - ;671,848.94;456,714.29;2,884.00;64,975.70; - ;280,596.41;4,807.49; - ; - ; - ; - ; - ; - ; - ; - ; - ; - ; - ; - ;2,156,029.57
nov-05;348,687.81;266,018.37;614,706.18;635,553.46; - ; - ;635,553.46;127,819.83;3,076.00;33,635.10; - ;425,553.13;10,934.29;150,007.00; - ; - ; - ; - ; - ; - ; - ; - ; - ; - ; - ;2,001,284.99
dic-05;360,807.00;107,374.00;468,181.00;1,212,610.53; - ; - ;1,212,610.53;456,441.07;357;39,994.70; - ;284,168.38;6,643.00;147,460.50; - ; - ; - ; - ; - ; - ; - ; - ;325,083.00; - ; - ;2,940,939.18
ene-06;711,860.77;348,503.85;1,060,364.62;708,730.84; - ; - ;708,730.84;461,915.81; - ;64,569.80; - ;311,221.28;4,073.00; - ; - ; - ; - ; - ; - ; - ; - ; - ;312,673.00; - ; - ;2,923,548.35
feb-06;262,170.90;145,048.20;407,219.10;767,710.63; - ; - ;767,710.63;139,318.22;3,577.00;44,797.30; - ;121,036.31;6,134.00; - ; - ; - ; - ; - ; - ; - ; - ; - ; - ; - ; - ;1,489,792.56
mar-06;408,065.34;285,783.25;693,848.59;744,721.94; - ; - ;744,721.94;385,287.41;548;52,658.40; - ;429,837.61;11,054.00;147,746.50; - ; - ; - ; - ; - ; - ; - ; - ; - ; - ; - ;2,465,702.45
abr-06;421,300.82;238,824.61;660,125.43;935,306.58; - ; - ;935,306.58;317,756.14;3,423.00;36,823.50; - ;287,959.04;8,145.00;151,635.00; - ; - ; - ; - ; - ; - ; - ; - ; - ; - ; - ;2,401,173.69
may-06;312,024.70;134,212.30;446,237.00;822,556.45; - ; - ;822,556.45;134,526.05;3,615.00;72,698.30; - ;764,099.76;14,644.00; - ; - ; - ; - ; - ; - ; - ; - ; - ; - ; - ; - ;2,258,376.56
jun-06;394,014.85;211,562.74;605,577.59;361,207.59; - ; - ;361,207.59;347,549.31;190;35,949.40; - ;367,297.31;16,453.00;151,250.00; - ; - ; - ; - ; - ; - ; - ; - ; - ; - ; - ;1,885,474.20
jul-06;375,951.16;180,942.18;556,893.34;971,716.72; - ; - ;971,716.72;140,074.43;452;68,151.60; - ;385,553.32;9,178.00;150,425.00; - ; - ; - ; - ; - ; - ; - ; - ; - ; - ; - ;2,282,444.41
ago-06;313,326.86;147,245.49;460,572.35;603,747.33; - ; - ;603,747.33;434,013.19; - ;50,939.80; - ;318,166.29;7,880.00; - ; - ; - ; - ; - ; - ; - ; - ; - ; - ; - ; - ;1,875,318.96
sep-06;525,623.15;366,193.77;891,816.92;473,431.31; - ; - ;473,431.31;457,683.24;452;50,012.60; - ;461,459.78;4,588.00;150,349.65; - ; - ; - ; - ; - ; - ; - ; - ; - ; - ; - ;2,489,793.50
oct-06;285,505.00;153,997.35;439,502.35;1,220,719.64; - ; - ;1,220,719.64;130,938.67;4,808.00;47,546.00; - ;446,660.88;6,380.00;145,937.83; - ; - ; - ; - ; - ; - ; - ; - ; - ; - ; - ;2,442,493.36
nov-06;428,590.50;171,327.01;599,917.51;431,874.86; - ; - ;431,874.86;492,063.43;381;31,977.40; - ;321,841.37;10,985.00;149,110.67; - ; - ; - ; - ; - ; - ; - ; - ; - ; - ; - ;2,038,151.23
dic-06;395,132.09;234,319.30;629,451.39;890,336.68; - ; - ;890,336.68;112,912.81;1,717.00;53,294.10; - ;612,637.14;5,775.00;148,978.28; - ; - ; - ; - ; - ; - ; - ; - ; - ; - ; - ;2,455,102.40
ene-07;523,730.31;289,550.59;813,280.90;818,060.57; - ; - ;818,060.57;308,348.52;381;65,308.30; - ;419,881.17;11,252.00; - ; - ; - ; - ; - ; - ; - ; - ; - ; - ; - ; - ;2,436,512.46
feb-07;401,855.41;299,077.04;700,932.45;822,325.65; - ; - ;822,325.65;295,082.83;3,553.00;57,695.40; - ;442,208.81;10,997.00;165,044.00; - ; - ; - ; - ; - ; - ; - ; - ; - ; - ; - ;2,497,839.14
mar-07;541,817.85;326,317.75;868,135.60;569,451.85; - ; - ;569,451.85;399,387.22;571;51,860.10; - ;676,389.41;10,292.00; - ; - ; - ; - ; - ; - ; - ; - ; - ; - ; - ; - ;2,576,087.18
abr-07;203,441.33;94,844.90;298,286.23;850,138.11; - ; - ;850,138.11;391,790.79;2,541.00;83,496.70; - ;576,702.01;11,437.00;166,886.50; - ; - ; - ; - ; - ; - ; - ; - ; - ; - ; - ;2,381,278.34
may-07;545,587.63;238,404.83;783,992.46;793,887.04; - ; - ;793,887.04;132,106.60;381;23,476.00; - ;390,428.07;10,752.00;149,550.50; - ; - ; - ; - ; - ; - ; - ; - ; - ; - ; - ;2,284,573.67
jun-07;441,537.39;170,064.98;611,602.37;855,757.14; - ; - ;855,757.14;553,252.05; - ;82,309.90; - ;635,979.48;6,891.00;148,676.00; - ; - ; - ; - ; - ; - ; - ; - ; - ; - ; - ;2,894,467.94
jul-07;451,180.82;227,660.47;678,841.29;1,118,432.25; - ; - ;1,118,432.25;153,167.79;3,220.00;47,604.10; - ;746,956.76;12,327.00;152,834.00; - ; - ; - ; - ; - ; - ; - ; - ; - ; - ; - ;2,913,383.19
ago-07;501,840.27;351,306.27;853,146.54;824,047.47; - ; - ;824,047.47;309,647.07;476;82,558.60; - ;741,692.20;9,273.00; - ; - ; - ; - ; - ; - ; - ; - ; - ; - ; - ; - ;2,820,840.88
sep-07;336,120.81;181,015.83;517,136.64;497,008.84; - ; - ;497,008.84;183,484.88;2,784.00;68,630.10; - ;425,995.94;11,535.70;167,480.50; - ; - ; - ; - ; - ; - ; - ; - ; - ; - ; - ;1,874,056.60
oct-07;376,377.75;312,120.18;688,497.93;885,924.86; - ; - ;885,924.86;486,194.88;190;77,376.50; - ;422,763.80;9,690.10; - ; - ; - ; - ; - ; - ; - ; - ; - ; - ; - ; - ;2,570,638.07
nov-07;512,550.51;289,282.55;801,833.06;665,114.83; - ; - ;665,114.83;148,627.36;2,229.00;53,092.10; - ;92,054.55;10,134.10; - ; - ; - ; - ; - ; - ; - ; - ; - ; - ; - ; - ;1,773,085.00
dic-07;542,916.97;222,108.35;765,025.32;812,776.59; - ; - ;812,776.59;371,098.40;95;58,973.50; - ;585,035.81;9,846.00;311,674.00; - ; - ; - ; - ; - ; - ; - ; - ; - ; - ; - ;2,914,524.62
ene-08;204,788.30;107,885.65;312,673.95;613,819.33; - ; - ;613,819.33;522,670.52;2,726.20;55,618.10; - ;357,826.00;7,227.00; - ; - ; - ; - ; - ; - ; - ; - ; - ; - ; - ; - ;1,872,561.10
feb-08;545,139.83;234,830.10;779,969.93;500,922.23; - ; - ;500,922.23;126,941.22;2,442.50;63,895.10; - ;596,066.54;3,575.00; - ; - ; - ; - ; - ; - ; - ; - ; - ; - ; - ; - ;2,073,812.52
mar-08;405,713.48;241,800.33;647,513.81;1,095,743.35; - ; - ;1,095,743.35;321,294.76;95.2;73,114.40; - ;280,414.70;10,375.20;146,640.07; - ; - ; - ; - ; - ; - ; - ; - ; - ; - ; - ;2,575,191.49
abr-08;570,256.98;271,554.27;841,811.25;682,042.07; - ; - ;682,042.07;296,531.95;285.7;61,215.00; - ;644,339.91;11,902.80;149,627.39; - ; - ; - ; - ; - ; - ; - ; - ; - ; - ; - ;2,687,756.07
may-08;424,954.88;242,628.16;667,583.04;710,464.76; - ; - ;710,464.76;506,589.79;3,093.20;64,572.90; - ;848,575.95;17,890.00;150,762.10; - ; - ; - ; - ; - ; - ; - ; - ; - ; - ; - ;2,969,531.73
jun-08;273,398.73;177,838.70;451,237.43;817,804.84; - ; - ;817,804.84;135,630.48;190.5;73,918.80; - ;257,332.45;8,087.00; - ; - ; - ; - ; - ; - ; - ; - ; - ; - ; - ; - ;1,744,201.50
jul-08;384,549.70;232,129.20;616,678.90;541,486.15; - ; - ;541,486.15;365,117.62;190.5;50,621.00; - ;549,352.90;9,947.00;150,155.50; - ; - ; - ; - ; - ; - ; - ; - ; - ; - ; - ;2,283,549.57
ago-08;241,881.47;138,376.72;380,258.19;713,650.52; - ; - ;713,650.52;124,909.19;171.4;61,346.30; - ;512,005.35;4,575.20;148,500.00; - ; - ; - ; - ; - ; - ; - ; - ; - ; - ; - ;1,945,416.15
sep-08;423,244.17;290,621.26;713,865.43;544,521.54; - ; - ;544,521.54;290,330.74;1,178.60;31,940.50; - ;265,932.42;2,631.00;149,060.89; - ; - ; - ; - ; - ; - ; - ; - ; - ; - ; - ;1,999,461.12
oct-08;329,762.30;358,036.44;687,798.74;344,273.02; - ; - ;344,273.02;515,833.10;3,273.70;81,679.00; - ;193,916.40;7,436.10; - ; - ; - ; - ; - ; - ; - ; - ; - ; - ; - ; - ;1,834,210.06
nov-08;386,365.05;170,365.32;556,730.37;809,439.42; - ; - ;809,439.42;304,780.71;190.5;40,478.60; - ;467,765.33;4,910.90; - ; - ; - ; - ; - ; - ; - ; - ; - ; - ; - ; - ;2,184,295.83
dic-08;458,949.42;238,398.92;697,348.34;524,038.42; - ; - ;524,038.42;265,854.17;3,380.00;32,909.50; - ;321,373.52;1,132.00; - ; - ; - ; - ; - ; - ; - ; - ; - ; - ; - ; - ;1,846,035.95
ene-09;382,300.56;202,484.53;584,785.09;941,535.71; - ; - ;941,535.71;440,807.21;285.7;51,282.70; - ;462,619.82;4,814.00;165,846.18; - ; - ; - ; - ; - ; - ; - ; - ; - ; - ; - ;2,651,976.41
feb-09;522,820.81;588,346.36;1,111,167.17;914,059.40; - ; - ;914,059.40;308,898.19;187.7;60,857.20; - ;316,669.93;6,513.00; - ; - ; - ; - ; - ; - ; - ; - ; - ; - ; - ; - ;2,718,352.59
mar-09;626,630.99;298,459.25;925,090.24;893,473.80; - ; - ;893,473.80;116,357.43;2,925.00;56,965.60; - ;249,980.94;5,116.00; - ; - ; - ; - ; - ; - ; - ; - ; - ; - ; - ; - ;2,249,909.01
abr-09;348,267.66;182,218.96;530,486.62;816,840.02; - ; - ;816,840.02;382,796.62;93.7;52,516.30; - ;375,412.12;4,374.00; - ; - ; - ; - ; - ; - ; - ; - ; - ; - ; - ; - ;2,162,519.38
may-09;341,700.48;377,337.48;719,037.96;621,339.93; - ; - ;621,339.93;108,032.64;256.4;20,718.60; - ;1,051,763.66;8,390.00;165,000.00; - ; - ; - ; - ; - ; - ; - ; - ; - ; - ; - ;2,694,539.19
jun-09;589,337.79;363,676.29;953,014.08;735,260.51; - ; - ;735,260.51;439,954.52;273.8;63,788.00; - ;598,780.49;2,002.00; - ; - ; - ; - ; - ; - ; - ; - ; - ; - ; - ; - ;2,793,073.40
jul-09;337,172.65;363,911.51;701,084.16;850,806.89; - ; - ;850,806.89;451,892.83;723.6;40,926.60; - ;427,219.03;6,156.00; - ; - ; - ; - ; - ; - ; - ; - ; - ; - ; - ; - ;2,478,809.11
ago-09;476,525.36;210,495.68;687,021.04;842,742.17; - ; - ;842,742.17;151,179.48;3,389.70;68,002.40; - ;454,739.68;7,442.00; - ; - ; - ; - ; - ; - ; - ; - ; - ; - ; - ; - ;2,214,516.47
sep-09;321,728.95;161,783.68;483,512.63;611,966.22; - ; - ;611,966.22;265,512.40;186.3;48,160.70; - ;417,863.18;6,757.00;165,190.91; - ; - ; - ; - ; - ; - ; - ; - ; - ; - ; - ;1,999,149.34
oct-09;639,524.61;375,067.23;1,014,591.84;869,366.31; - ; - ;869,366.31;294,299.57;187;53,069.80; - ;547,485.85;7,998.00; - ; - ; - ; - ; - ; - ; - ; - ; - ; - ; - ; - ;2,786,998.37
nov-09;321,859.44;201,213.10;523,072.54;894,309.88; - ; - ;894,309.88;543,498.52;4,171.90;42,081.90; - ;762,745.04;6,446.00;148,528.88; - ; - ; - ; - ; - ; - ; - ; - ; - ; - ; - ;2,924,854.66
dic-09;435,416.18;291,525.48;726,941.66;1,144,960.66; - ; - ;1,144,960.66;121,256.64; - ;31,007.80; - ;444,330.26;5,081.00;144,490.01; - ; - ; - ; - ; - ; - ; - ; - ; - ; - ; - ;2,618,068.03
ene-10;318,949.72;173,918.35;492,868.07;905,803.65; - ; - ;905,803.65;437,042.33; - ;69,541.70; - ;407,232.90;7,549.00; - ; - ; - ; - ; - ; - ; - ; - ; - ; - ; - ; - ;2,320,037.65
feb-10;492,452.55;336,005.72;828,458.27;447,271.92; - ; - ;447,271.92;410,846.40;3,584.00;62,958.80; - ;393,505.01;10,200.00; - ; - ; - ; - ; - ; - ; - ; - ; - ; - ; - ; - ;2,156,824.40
mar-10;303,762.94;157,798.77;461,561.71;947,702.88; - ; - ;947,702.88;148,495.38; - ;33,008.70; - ;380,305.39;11,286.10;149,642.96; - ; - ; - ; - ; - ; - ; - ; - ; - ; - ; - ;2,132,003.12
abr-10;562,996.07;433,108.23;996,104.30;613,011.21; - ; - ;613,011.21;410,001.10; - ;42,911.90; - ;593,178.80;12,568.70;165,852.23; - ; - ; - ; - ; - ; - ; - ; - ; - ; - ; - ;2,833,628.23
may-10;429,729.38;279,926.95;709,656.33;1,086,036.16; - ; - ;1,086,036.16;230,584.60;3,139.00;59,512.70; - ;349,801.70;6,994.10;164,467.77; - ; - ; - ; - ; - ; - ; - ; - ; - ; - ; - ;2,610,192.35
jun-10;464,310.80;281,834.46;746,145.26;587,828.26; - ; - ;587,828.26;344,683.10; - ;58,930.10; - ;117,297.20;2,940.00; - ; - ; - ; - ; - ; - ; - ; - ; - ; - ; - ; - ;1,857,823.92
jul-10;456,588.39;241,994.24;698,582.63;712,889.93; - ; - ;712,889.93;461,977.95;3,178.00;40,989.80; - ;411,546.82;4,133.00;145,426.27; - ; - ; - ; - ; - ; - ; - ; - ; - ; - ; - ;2,478,724.40
ago-10;475,714.12;282,509.24;758,223.36;637,252.29; - ; - ;637,252.29;236,164.31; - ;65,212.00; - ;212,442.70;2,082.00; - ; - ; - ; - ; - ; - ; - ; - ; - ; - ; - ; - ;1,911,376.66
sep-10;321,134.56;208,796.02;529,930.58;741,721.42; - ; - ;741,721.42;144,381.79; - ;15,663.50; - ;135,187.00;4,161.00; - ; - ; - ; - ; - ; - ; - ; - ; - ; - ; - ; - ;1,571,045.29
oct-10;493,794.29;392,100.62;885,894.91;630,692.56; - ; - ;630,692.56;328,472.60;3,161.00;43,634.60; - ;301,559.20;5,352.00; - ; - ; - ; - ; - ; - ; - ; - ; - ; - ; - ; - ;2,198,766.87
nov-10;241,062.76;139,547.73;380,610.49;565,627.54; - ; - ;565,627.54;540,671.88; - ;56,430.00; - ;331,749.27;7,402.00; - ; - ; - ; - ; - ; - ; - ; - ; - ; - ; - ; - ;1,882,491.18
dic-10;652,210.77;430,857.95;1,083,068.72;1,135,293.92; - ; - ;1,135,293.92;286,501.74;2,308.00;44,591.60; - ;162,229.50;4,246.50; - ; - ; - ; - ; - ; - ; - ; - ; - ; - ; - ; - ;2,718,239.98
ene-11;391,997.54;253,700.82;645,698.36;1,033,948.69; - ; - ;1,033,948.69;511,518.14; - ;69,631.10; - ;263,229.32;5,497.36;166,651.76; - ; - ; - ; - ; - ; - ; - ; - ; - ; - ; - ;2,696,174.73
feb-11;437,769.48;343,582.85;781,352.33;772,775.58; - ; - ;772,775.58;313,877.17;2,351.00;43,055.90; - ;423,634.90;7,033.00;164,990.32; - ; - ; - ; - ; - ; - ; - ; - ; - ; - ; - ;2,509,070.20
mar-11;445,920.27;291,087.16;737,007.43;707,536.31; - ; - ;707,536.31;297,190.31; - ;33,888.80; - ;138,202.10;10,007.90; - ; - ; - ; - ; - ; - ; - ; - ; - ; - ; - ; - ;1,923,832.85
abr-11;357,349.67;326,003.71;683,353.38;767,445.36; - ; - ;767,445.36;426,380.21; - ;46,347.00; - ;652,855.72;5,721.79;209,682.55; - ; - ; - ; - ; - ; - ; - ; - ; - ; - ; - ;2,791,786.01
may-11;433,038.13;326,566.61;759,604.74;918,940.44; - ; - ;918,940.44;238,374.12;2,150.00;51,018.20; - ;423,250.92;4,086.00; - ; - ; - ; - ; - ; - ; - ; - ; - ; - ; - ; - ;2,397,424.42
jun-11;354,604.94;230,990.13;585,595.07;553,883.42; - ; - ;553,883.42;345,196.29;3,341.00;24,115.30; - ;665,240.82;6,274.88;148,503.36; - ; - ; - ; - ; - ; - ; - ; - ; - ; - ; - ;2,332,150.13
jul-11;369,694.76;188,581.40;558,276.16;734,958.54; - ; - ;734,958.54;148,988.50; - ;44,399.60; - ;394,362.55;11,323.38;328,990.04; - ; - ; - ; - ; - ; - ; - ; - ; - ; - ; - ;2,221,298.77
ago-11;270,765.31;201,844.49;472,609.80;1,014,324.28; - ; - ;1,014,324.28;565,627.93;2,176.00;61,586.21; - ;259,425.58;9,067.45; - ; - ; - ; - ; - ; - ; - ; - ; - ; - ; - ; - ;2,384,817.25
sep-11;335,803.82;260,669.22;596,473.04;795,554.71; - ; - ;795,554.71;382,310.38; - ;60,244.42; - ;335,474.56;9,462.40;166,170.51; - ; - ; - ; - ; - ; - ; - ; - ; - ; - ; - ;2,345,690.03
oct-11;351,555.66;239,711.91;591,267.57;612,133.26; - ; - ;612,133.26;319,091.05;1,669.00;55,766.77; - ;175,576.95;8,582.21; - ; - ; - ; - ; - ; - ; - ; - ; - ; - ; - ; - ;1,764,086.81
nov-11;450,212.80;237,803.48;688,016.28;575,406.48; - ; - ;575,406.48;384,368.36; - ;45,729.26; - ;203,510.32;11,408.52; - ; - ; - ; - ; - ; - ; - ; - ; - ; - ; - ; - ;1,908,439.22
dic-11;534,925.36;367,820.54;902,745.90;732,921.03; - ; - ;732,921.03;141,052.55;2,114.00;53,946.68; - ;244,547.16;11,628.07; - ; - ; - ; - ; - ; - ; - ; - ; - ; - ; - ; - ;2,088,955.39
ene-12;434,648.17;318,283.44;752,931.61;790,123.23; - ; - ;790,123.23;481,781.48; - ;27,960.80; - ;192,178.43;13,869.74;332,101.50; - ; - ; - ; - ; - ; - ; - ; - ; - ; - ; - ;2,590,946.78
feb-12;372,893.49;253,583.96;626,477.45;887,963.98; - ; - ;887,963.98;162,561.29;2,220.00;75,397.69; - ;56,299.00;5,723.19;167,575.16; - ; - ; - ; - ; - ; - ; - ; - ; - ; - ; - ;1,984,217.75
mar-12;354,160.85;255,492.16;609,653.01;978,693.29; - ; - ;978,693.29;521,493.74; - ;40,494.61; - ;486,502.56;16,175.69; - ; - ; - ; - ; - ; - ; - ; - ; - ; - ; - ; - ;2,653,012.90
abr-12;399,701.69;189,948.79;589,650.48;697,871.28; - ; - ;697,871.28;131,958.40;2,646.00;21,732.04; - ;424,997.52;8,865.02; - ; - ; - ; - ; - ; - ; - ; - ; - ; - ; - ; - ;1,877,720.75
may-12;380,531.85;241,786.29;622,318.14;833,370.09; - ; - ;833,370.09;510,506.81;1,551.00;70,939.56; - ;427,414.42;12,714.50;169,754.09; - ; - ; - ; - ; - ; - ; - ; - ; - ; - ; - ;2,648,568.61
jun-12;550,379.33;320,566.69;870,946.02;767,124.65; - ; - ;767,124.65;527,672.26;1,870.00;47,391.70; - ;490,228.51;5,405.19; - ; - ; - ; - ; - ; - ; - ; - ; - ; - ; - ; - ;2,710,638.33
jul-12;271,509.20;142,232.47;413,741.67;1,021,995.90; - ; - ;1,021,995.90;165,424.21; - ;70,228.77; - ;293,113.09;11,297.69; - ; - ; - ; - ; - ; - ; - ; - ; - ; - ; - ; - ;1,975,801.33
ago-12;361,307.20;263,677.23;624,984.43;626,706.23; - ; - ;626,706.23;387,892.07; - ;65,574.80; - ;76,969.26;13,907.62;148,916.30; - ; - ; - ; - ; - ; - ; - ; - ; - ; - ; - ;1,944,950.71
sep-12;372,989.29;201,347.56;574,336.85;619,651.27; - ; - ;619,651.27;530,897.79;2,766.00;56,595.70; - ;323,767.51;6,813.86; - ; - ; - ; - ; - ; - ; - ; - ; - ; - ; - ; - ;2,114,828.97
oct-12;600,094.03;374,301.51;974,395.54;463,054.77; - ; - ;463,054.77;162,208.43; - ;33,639.00; - ;378,149.37;2,242.12; - ; - ; - ; - ; - ; - ; - ; - ; - ; - ; - ; - ;2,013,689.23
nov-12;359,818.54;197,398.80;557,217.34;538,552.89; - ; - ;538,552.89;569,345.86;2,651.00;37,111.56; - ;456,468.18; - ;147,071.21; - ; - ; - ; - ; - ; - ; - ; - ; - ; - ; - ;2,308,418.04
dic-12;419,029.17;287,980.58;707,009.75;1,324,780.96; - ; - ;1,324,780.96;152,926.76;95.2;43,950.37; - ;273,182.16; - ;149,085.15; - ; - ; - ; - ; - ; - ; - ; - ; - ; - ; - ;2,651,030.35
ene-13;433,924.69;396,416.84;830,341.53;749,266.68; - ; - ;749,266.68;575,318.45;190.48;57,437.01; - ;361,207.18; - ;150,030.49; - ; - ; - ; - ; - ; - ; - ; - ; - ; - ; - ;2,723,791.82
feb-13;470,483.98;235,502.58;705,986.56;709,843.02; - ; - ;709,843.02;142,772.81;1,047.62;55,641.80; - ;325,080.10; - ;168,305.17; - ; - ; - ; - ; - ; - ; - ; - ; - ; - ; - ;2,108,677.08
mar-13;429,974.17;439,386.62;869,360.79;832,627.57; - ; - ;832,627.57;569,013.24;3,183.88;19,570.11; - ;231,802.56;3,879.00; - ; - ; - ; - ; - ; - ; - ; - ; - ; - ; - ; - ;2,529,437.15
abr-13;430,259.18;274,680.65;704,939.83;860,094.78; - ; - ;860,094.78;508,649.45; - ;50,291.42; - ;337,655.21; - ; - ; - ; - ; - ; - ; - ; - ; - ; - ; - ; - ; - ;2,461,630.69
may-13;532,379.66;281,823.20;814,202.86;1,202,187.85; - ; - ;1,202,187.85;181,461.60;797.62;73,024.85; - ;331,393.56; - ;180,944.23; - ; - ; - ; - ; - ; - ; - ; - ; - ; - ; - ;2,784,012.56
jun-13;284,038.03;293,808.60;577,846.63;729,711.88; - ; - ;729,711.88;536,847.17;1,196.47;75,416.48; - ;365,997.74;34,302.05;167,235.48; - ; - ; - ; - ; - ; - ; - ; - ; - ; - ; - ;2,488,553.89
jul-13;486,075.06;259,025.83;745,100.89;693,160.50; - ; - ;693,160.50;352,909.02;795.59;60,089.40; - ;113,165.55; - ; - ; - ; - ; - ; - ; - ; - ; - ; - ; - ; - ; - ;1,965,220.95
ago-13;347,066.11;221,433.20;568,499.31;505,133.44; - ; - ;505,133.44;359,346.00;3,677.00;58,972.06; - ;405,352.22; - ;146,366.33; - ; - ; - ; - ; - ; - ; - ; - ; - ; - ; - ;2,047,346.36
sep-13;373,303.31;300,794.99;674,098.30;803,626.98; - ; - ;803,626.98;394,985.89; - ;83,693.28; - ;172,130.08;305;172,152.59; - ; - ; - ; - ; - ; - ; - ; - ; - ; - ; - ;2,300,992.12
oct-13;372,946.33;281,168.85;654,115.18;980,327.98; - ; - ;980,327.98;415,869.34;3,626.98;133,623.60; - ;171,722.79;889; - ; - ; - ; - ; - ; - ; - ; - ; - ; - ; - ; - ;2,360,174.87
nov-13;496,029.72;390,941.15;886,970.87;903,218.47; - ; - ;903,218.47;425,669.24;797.21;5,319.12; - ;202,139.43;152;169,752.50; - ; - ; - ; - ; - ; - ; - ; - ; - ; - ; - ;2,594,018.83
dic-13;358,799.64;210,096.78;568,896.42;791,698.89; - ; - ;791,698.89;452,414.08; - ;98,883.10; - ;150,330.46;152; - ; - ; - ; - ; - ; - ; - ; - ; - ; - ; - ; - ;2,062,374.95
ene-14;457,365.46;487,880.79;945,246.25;1,595,698.56; - ; - ;1,595,698.56;371,888.73;1,465.00;109,091.19; - ;117,010.52;2,238.00;149,806.14; - ; - ; - ; - ; - ; - ; - ; - ; - ; - ; - ;3,292,444.39
feb-14;455,726.06;312,423.86;768,149.92;688,703.18; - ; - ;688,703.18;336,845.19; - ;80,162.42; - ;116,368.88;6,093.80; - ; - ; - ; - ; - ; - ; - ; - ; - ; - ; - ; - ;1,996,323.39
mar-14;582,572.93;472,437.63;1,055,010.56;1,147,182.50; - ; - ;1,147,182.50;358,755.83;3,392.28;46,120.40; - ;407,270.41;639;330,016.67; - ; - ; - ; - ; - ; - ; - ; - ; - ; - ; - ;3,348,387.65
abr-14;270,302.22;207,049.00;477,351.22;845,051.33; - ; - ;845,051.33;466,766.95;1,570.10;72,947.78; - ;332,419.30;2,349.70;6,993.03; - ; - ; - ; - ; - ; - ; - ; - ; - ; - ; - ;2,205,449.41
may-14;563,319.79;417,767.24;981,087.03;1,008,148.07; - ; - ;1,008,148.07;554,784.32;4,644.98;175,257.51; - ;246,105.20;2,000.03;327,251.71; - ; - ; - ; - ; - ; - ; - ; - ; - ; - ; - ;3,299,278.85
jun-14;404,603.55;247,114.99;651,718.54;694,920.68; - ; - ;694,920.68;359,135.62; - ;67,873.76; - ;286,478.99;5,469.60; - ; - ; - ; - ; - ; - ; - ; - ; - ; - ; - ; - ;2,065,597.19
jul-14;558,403.41;454,196.13;1,012,599.54;845,875.86; - ; - ;845,875.86;417,570.34; - ;66,309.97; - ;167,316.42;3,399.70; - ; - ; - ; - ; - ; - ; - ; - ; - ; - ; - ; - ;2,513,071.83
ago-14;398,563.48;305,285.53;703,849.01;760,353.37; - ; - ;760,353.37;416,068.30;356.6;170,401.29; - ;477,014.48;1,736.40;151,264.47; - ; - ; - ; - ; - ; - ; - ; - ; - ; - ; - ;2,681,043.91
sep-14;547,486.22;378,741.56;926,227.78;598,145.89; - ; - ;598,145.89;408,998.93;358.6;13,079.90; - ;368,203.04;2,799.10; - ; - ; - ; - ; - ; - ; - ; - ; - ; - ; - ; - ;2,317,813.24
oct-14;379,572.07;256,340.49;635,912.56;762,763.24; - ; - ;762,763.24;314,868.89;4,466.90;20,828.70; - ;230,129.08;3,367.86;161,718.04; - ; - ; - ; - ; - ; - ; - ; - ; - ; - ; - ;2,134,055.27
nov-14;533,524.40;372,809.93;906,334.33;1,033,873.16; - ; - ;1,033,873.16;487,343.72; - ;79,078.42; - ;243,197.44;4,294.61; - ; - ; - ; - ; - ; - ; - ; - ; - ; - ; - ; - ;2,754,121.68
dic-14;583,081.57;491,072.11;1,074,153.68;1,004,032.65; - ; - ;1,004,032.65;380,185.96;27,979.07;124,619.87; - ;91,348.40;48,364.50;152,365.73; - ; - ; - ; - ; - ; - ; - ; - ; - ; - ; - ;2,903,049.86
ene-15;471,973.30;371,420.59;843,393.89;1,324,421.96; - ; - ;1,324,421.96;523,352.31; - ;19,111.30; - ;245,584.89;142.9;148,594.27; - ; - ; - ; - ; - ; - ; - ; - ; - ; - ; - ;3,104,601.52
feb-15;664,315.85;548,714.53;1,213,030.38;955,286.02; - ; - ;955,286.02;421,268.22; - ;170,853.82; - ;162,224.95;3,349.05; - ; - ; - ; - ; - ; - ; - ; - ; - ; - ; - ; - ;2,926,012.44
mar-15;622,883.10;453,536.19;1,076,419.29;1,164,885.97; - ; - ;1,164,885.97;497,168.60; - ;90,955.77; - ;280,843.31;8,319.11;164,423.33; - ; - ; - ; - ; - ; - ; - ; - ; - ; - ; - ;3,283,015.37
abr-15;599,558.55;537,064.59;1,136,623.14;1,130,870.79; - ; - ;1,130,870.79;519,603.84; - ;108,382.50; - ;304,405.66;15,358.33; - ; - ; - ; - ; - ; - ; - ; - ; - ; - ; - ; - ;3,215,244.26
may-15;618,319.21;534,049.28;1,152,368.49;954,782.75; - ; - ;954,782.75;415,890.34; - ;58,745.67; - ;375,606.55;33,380.56;163,409.40; - ; - ; - ; - ; - ; - ; - ; - ; - ; - ; - ;3,154,183.76
jun-15;525,280.85;394,824.33;920,105.18;862,071.77; - ; - ;862,071.77;526,358.48; - ;100,499.13; - ;336,491.48;10,275.34;162,807.81; - ; - ; - ; - ; - ; - ; - ; - ; - ; - ; - ;2,918,609.19
jul-15;616,269.01;519,374.15;1,135,643.16;1,149,630.43; - ; - ;1,149,630.43;411,971.43; - ;123,496.73; - ;235,587.32;2,723.80; - ; - ; - ; - ; - ; - ; - ; - ; - ; - ; - ; - ;3,059,052.87
ago-15;467,373.13;328,552.07;795,925.20;919,285.90; - ; - ;919,285.90;561,563.81; - ;119,764.65; - ;348,192.53;3,047.60;165,284.13; - ; - ; - ; - ; - ; - ; - ; - ; - ; - ; - ;2,913,063.82
sep-15;576,250.29;485,906.49;1,062,156.78;754,068.77; - ; - ;754,068.77;480,268.89; - ;147,445.06; - ;513,707.26;74.88; - ; - ; - ; - ; - ; - ; - ; - ; - ; - ; - ; - ;2,957,721.64
oct-15;533,620.64;432,666.75;966,287.39;1,163,425.95; - ; - ;1,163,425.95;423,239.36;11,536.58;135,724.25; - ;250,054.86;571.4;148,515.29; - ; - ; - ; - ; - ; - ; - ; - ; - ; - ; - ;3,099,355.08
nov-15;724,273.97;574,547.76;1,298,821.73;904,700.42; - ; - ;904,700.42;637,316.48; - ;184,093.93; - ;263,741.40;11,175.83; - ; - ; - ; - ; - ; - ; - ; - ; - ; - ; - ; - ;3,299,849.79
dic-15;498,798.79;319,329.71;818,128.50;1,113,876.28; - ; - ;1,113,876.28;500,684.29; - ;116,266.75; - ;208,710.54;640.37;148,507.37; - ; - ; - ; - ; - ; - ; - ; - ; - ; - ; - ;2,906,814.10
ene-16;729,211.43;546,876.54;1,276,087.97;987,507.78; - ; - ;987,507.78;748,970.64; - ;16,000.00;104,377.60;178,437.60;27,449.20;162,512.74; - ; - ; - ; - ; - ; - ; - ; - ; - ; - ; - ;3,501,343.52
feb-16;405,559.45;424,074.81;829,634.26;1,167,227.96; - ; - ;1,167,227.96;287,337.74; - ;24,900.00;117,800.10;370,085.96; - ; - ; - ; - ; - ; - ; - ; - ; - ; - ; - ; - ; - ;2,796,986.02
mar-16;771,024.11;508,542.18;1,279,566.29;1,498,844.95; - ; - ;1,498,844.95;504,451.07;25,081.90;13,000.00;111,203.62;264,193.10;2,716.52;181,497.47; - ; - ; - ; - ; - ; - ; - ; - ; - ; - ; - ;3,880,554.92
abr-16;502,728.88;527,083.64;1,029,812.52;1,137,213.10; - ; - ;1,137,213.10;587,482.69; - ;16,000.00;59,681.73;269,518.34;4,428.60;161,331.89; - ; - ; - ; - ; - ; - ; - ; - ; - ; - ; - ;3,265,468.87
may-16;615,900.31;528,347.81;1,144,248.12;1,035,544.08; - ; - ;1,035,544.08;416,912.47; - ;19,000.00;97,343.58;495,459.41;1,714.30; - ; - ; - ; - ; - ; - ; - ; - ; - ; - ; - ; - ;3,210,221.96
jun-16;502,082.45;397,477.40;899,559.85;800,222.53; - ; - ;800,222.53;703,319.23; - ;16,000.00;81,862.33;400,963.62;2,142.90; - ; - ; - ; - ; - ; - ; - ; - ; - ; - ; - ; - ;2,904,070.46
jul-16;618,366.10;526,652.73;1,145,018.83;859,222.62; - ; - ;859,222.62;455,823.14; - ;22,000.00;108,804.20;127,905.46; - ;181,500.00; - ; - ; - ; - ; - ; - ; - ; - ; - ; - ; - ;2,900,274.25
ago-16;625,218.90;512,202.57;1,137,421.47;701,185.75; - ; - ;701,185.75;588,310.54;285;20,000.00;147,462.11;246,976.30;428.6;181,492.85; - ; - ; - ; - ; - ; - ; - ; - ; - ; - ; - ;3,023,562.62
sep-16;677,892.97;567,786.57;1,245,679.54;1,274,128.31; - ; - ;1,274,128.31;306,543.41; - ;17,000.00;94,858.75;188,931.32;1,571.40; - ; - ; - ; - ; - ; - ; - ; - ; - ; - ; - ; - ;3,128,712.73
oct-16;546,154.65;455,850.76;1,002,005.41;927,923.50; - ; - ;927,923.50;717,388.57; - ;26,173.00;81,839.62;62,511.80;1,428.60; - ; - ; - ; - ; - ; - ; - ; - ; - ; - ; - ; - ;2,819,270.50
nov-16;725,548.16;476,784.16;1,202,332.32;957,656.05; - ; - ;957,656.05;505,975.98;6,444.20;13,197.00;95,032.90;304,552.31;4,142.90;165,005.50; - ; - ; - ; - ; - ; - ; - ; - ; - ; - ; - ;3,254,339.16
dic-16;526,573.96;473,659.59;1,000,233.55;1,303,735.78; - ; - ;1,303,735.78;584,807.19; - ;31,039.20;158,719.36;306,550.77;3,857.00;160,560.68; - ; - ; - ; - ; - ; - ; - ; - ; - ; - ; - ;3,549,503.52
ene-17;748,233.58;527,564.90;1,275,798.48;842,993.49; - ; - ;842,993.49;567,345.82; - ; - ;33,917.24;213,661.50;3,190.00; - ; - ; - ; - ; - ; - ;72.29; - ; - ; - ; - ; - ;2,936,978.82
feb-17;497,707.41;469,140.06;966,847.47;844,676.98; - ; - ;844,676.98;279,527.23;21,844.81;1,040.00;152,952.20;72,649.78;714.3; - ; - ; - ; - ; - ; - ; - ; - ; - ; - ; - ; - ;2,340,252.77
mar-17;734,984.24;608,144.98;1,343,129.22;1,351,787.92; - ; - ;1,351,787.92;780,048.59;3,505.27; - ;75,312.22;376,955.72;3,142.90;388,055.94; - ; - ; - ; - ; - ;72.29; - ; - ; - ; - ; - ;4,322,010.07
abr-17;632,843.41;681,303.11;1,314,146.52;1,406,022.43; - ; - ;1,406,022.43;530,578.14;508.27; - ;154,934.13;106,518.75;1,285.71;404,822.98; - ; - ; - ; - ; - ;72.29; - ; - ; - ; - ; - ;3,918,889.22
may-17;442,311.09;386,088.18;828,399.27;889,926.86; - ; - ;889,926.86;604,702.55;3,193.64; - ;105,375.23;160,374.50;1,285.71; - ; - ; - ; - ; - ; - ;72.29; - ; - ; - ; - ; - ;2,593,330.05
jun-17;582,374.34;519,389.66;1,101,764.00;902,659.00; - ; - ;902,659.00;487,244.19;367.94; - ;48,933.84;191,218.23;1,428.57;182,141.85; - ; - ; - ; - ; - ;72.29; - ; - ; - ; - ; - ;2,915,829.91
jul-17;769,214.06;433,026.08;1,202,240.14;994,338.30; - ; - ;994,338.30;510,428.14; - ; - ;54,997.21;85,356.63;1,857.14; - ; - ; - ; - ; - ; - ; - ; - ; - ; - ; - ; - ;2,849,217.56
ago-17;607,368.72;592,103.31;1,199,472.03;846,696.35; - ; - ;846,696.35;538,582.14;666.23; - ;76,542.18;44,448.27;3,269.86;583,079.69; - ; - ; - ; - ; - ;144.57; - ; - ; - ; - ; - ;3,292,901.32
sep-17;401,678.98;316,435.22;718,114.20;925,397.87; - ; - ;925,397.87;350,294.57; - ; - ;125,724.44;218,358.99;3,857.14; - ; - ; - ; - ; - ; - ;72.29; - ; - ; - ; - ; - ;2,341,819.50
oct-17;657,241.76;574,073.61;1,231,315.37;740,198.57; - ; - ;740,198.57;584,709.61;6,925.95; - ;132,304.57;219,812.14;5,286.19;167,584.01; - ; - ; - ; - ; - ; - ; - ; - ; - ; - ; - ;3,088,136.41
nov-17;504,247.31;434,963.36;939,210.67;1,135,350.10; - ; - ;1,135,350.10;935,986.51; - ; - ;24,435.17;127,575.05;10,880.53; - ; - ; - ; - ; - ; - ;72.29; - ; - ; - ; - ; - ;3,173,510.32
dic-17;803,216.88;679,441.47;1,482,658.35;1,305,047.55; - ; - ;1,305,047.55;595,421.43;4,729.14; - ;80,037.74;56,960.00;3,150.02;155,599.02; - ; - ; - ; - ; - ;72.29; - ; - ; - ; - ; - ;3,683,675.54
ene-18;535,784.70;571,858.06;1,107,642.76; - ;1,153,831.89;21,987.53;1,175,819.42;396,363.05; - ; - ;92,894.94;134,033.14;5,302.14; - ; - ; - ; - ; - ; - ;78.78; - ; - ; - ; - ; - ;2,912,134.23
feb-18;629,467.91;509,366.10;1,138,834.01; - ;921,684.12;29,946.48;951,630.60;591,000.02; - ; - ;52,337.76;85,318.21;3,721.91;407,070.30; - ; - ; - ; - ; - ;0.37; - ; - ; - ; - ; - ;3,229,913.18
mar-18;529,507.15;563,899.06;1,093,406.21; - ;889,227.10;12,064.95;901,292.05;644,245.40;15,747.16; - ;23,906.14;84,988.82;6,182.35;418,762.45; - ; - ; - ; - ; - ;74.03; - ; - ; - ; - ; - ;3,188,604.61
abr-18;617,512.28;510,830.00;1,128,342.28; - ;696,962.77; - ;696,962.77;188,590.81; - ; - ;70,906.87;219,805.45;1,877.72; - ; - ; - ; - ; - ; - ;72.29; - ; - ; - ; - ; - ;2,306,558.19
may-18;580,329.35;580,825.11;1,161,154.46; - ;1,592,580.34;38,055.30;1,630,635.64;636,234.13; - ; - ;72,992.51;111,460.41;4,300.00;327,075.21; - ; - ; - ; - ; - ;6.96; - ; - ; - ; - ; - ;3,943,859.32
jun-18;558,257.59;463,620.61;1,021,878.20; - ;777,679.91; - ;777,679.91;618,811.33;21,208.26;1,000.00;34,249.65;130,426.60;6,413.00; - ; - ; - ; - ; - ; - ;144.57; - ; - ; - ; - ; - ;2,611,811.52
jul-18;784,601.77;543,333.77;1,327,935.54; - ;793,683.41; - ;793,683.41;584,386.15;4,005.99; - ;40,811.00;148,012.12;8,518.71;385,600.49; - ; - ; - ; - ; - ;5.84; - ; - ; - ; - ; - ;3,292,959.25
ago-18;541,557.34;663,834.04;1,205,391.38; - ;1,281,364.78; - ;1,281,364.78;408,658.63;20,437.54; - ;81,985.47;214,625.41;3,434.71; - ; - ; - ; - ; - ; - ;74.63; - ; - ; - ; - ; - ;3,215,972.55
sep-18;536,897.09;454,442.87;991,339.96; - ;896,266.43; - ;896,266.43;449,846.76;18,379.30; - ;94,980.04;26,753.84;4,473.29;406,985.43; - ; - ; - ; - ; - ; - ; - ; - ; - ; - ; - ;2,889,025.05
oct-18;663,440.34;726,044.35;1,389,484.69; - ;992,682.04;6,049.00;998,731.04;600,230.45;2,395.30; - ;55,219.75;150,085.74;4,285.71;418,296.61; - ; - ; - ; - ; - ;74.94; - ; - ; - ; - ; - ;3,618,804.23
nov-18;509,382.86;534,084.49;1,043,467.35; - ;899,588.34;39,035.84;938,624.18;598,626.16; - ; - ;52,310.24;65,312.15;2,584.71;244,787.00; - ; - ; - ; - ; - ;73.85; - ; - ; - ; - ; - ;2,945,785.64
dic-18;631,652.56;535,639.97;1,167,292.53; - ;792,198.66; - ;792,198.66;614,887.00; - ; - ;87,868.41;84,669.38;2,588.13;438,155.24; - ; - ; - ; - ; - ;83.27; - ; - ; - ; - ; - ;3,187,742.62
ene-19;684,504.84;702,923.37;1,387,428.21; - ;1,195,728.20; - ;1,195,728.20;414,086.12;15,399.57; - ;59,152.84;196,719.10;3,058.43;208,276.69;16,541.30;585.91;7,282.59;350.92;334;0.41; - ; - ; - ;475.49; - ;3,505,419.78
feb-19;521,555.38;469,437.28;990,992.66; - ;1,208,476.16; - ;1,208,476.16;460,518.80;1,801.96; - ;101,570.62;100,485.14;8,794.74;279,583.39;21,619.99;545.97;11,978.35;342.55;307.6;144.57; - ; - ; - ;1,911.93; - ;3,189,074.42
mar-19;704,276.53;678,145.38;1,382,421.91; - ;1,550,052.84; - ;1,550,052.84;384,425.56; - ; - ;118,678.80;109,888.23;10,715.12;256,490.00;17,980.15;996.49;4,717.69; - ;426.69;80.58; - ; - ; - ;2,170.21; - ;3,839,044.27
abr-19;656,495.95;867,761.34;1,524,257.29; - ;1,215,209.05;39,866.57;1,255,075.62;670,633.92;14,371.63; - ;76,765.06;280,702.33;3,114.36;276,252.72;17,450.33;477.01;5,112.74; - ;512.67;147.59; - ; - ; - ;1,944.32; - ;4,126,817.59
may-19;568,128.41;596,798.22;1,164,926.63; - ;1,011,872.87; - ;1,011,872.87;623,466.22; - ; - ;59,987.32;103,315.20;6,650.62;485,520.18;22,195.29;489.43;6,263.91; - ;171.98;82.01; - ; - ; - ;2,658.48; - ;3,487,600.14
jun-19;629,788.43;712,731.80;1,342,520.23; - ;1,029,100.90; - ;1,029,100.90;612,732.27;13,290.50; - ;68,548.57;346,048.30;4,484.73;256,057.52;22,041.50;225.87;9,967.36; - ;507.79; - ; - ; - ; - ; - ; - ;3,705,525.54
jul-19;516,273.85;531,577.64;1,047,851.49; - ;1,056,569.11; - ;1,056,569.11;667,486.78; - ; - ;63,368.64;13,652.90;19,590.13; - ;20,059.59;117.68;9,079.17; - ;202.29;75.79; - ; - ; - ;3,134.83; - ;2,901,188.41
ago-19;713,859.98;896,841.31;1,610,701.29; - ;1,167,556.89; - ;1,167,556.89;586,430.65; - ; - ;75,962.03;141,908.64;9,374.15; - ;19,268.71;176.82;3,968.23; - ;404.4;7.34; - ; - ; - ;952.38; - ;3,616,711.53
sep-19;491,194.71;518,043.68;1,009,238.39; - ;717,490.02;7,551.05;725,041.07;850,778.21; - ; - ;58,060.40;108,983.70;5,473.85;212,326.74;17,011.47;348.21;8,867.90;340.1;557.9;79.33; - ; - ; - ;166.67; - ;2,997,273.94
oct-19;691,407.73;712,672.38;1,404,080.11; - ;1,160,570.85;35,005.92;1,195,576.77;225,207.04; - ; - ;43,064.61;95,514.49;10,751.21;525,400.00;19,109.12;115.83;7,671.02; - ;107.93;1.09; - ; - ; - ;2,499.43; - ;3,529,098.65
nov-19;658,706.42;791,039.02;1,449,745.44; - ;1,122,990.69; - ;1,122,990.69;610,868.12;2,070.48; - ;56,475.66;84,414.64;6,971.48; - ;16,108.61;320.44;13,551.90; - ;427.5;149.09; - ; - ; - ;2,579.15; - ;3,366,673.20
dic-19;797,580.75;731,012.24;1,528,592.99; - ;1,098,972.39; - ;1,098,972.39;600,003.85; - ;39,972.88;39,148.46;164,276.76;5,682.60;245,057.00;27,097.05;313.8;7,373.88; - ;434.83;13.01; - ; - ; - ;2,899.75; - ;3,759,839.25
ene-20;573,220.63;629,414.90;1,202,635.53; - ;999,181.20;34,013.75;1,033,194.95;715,600.32; - ; - ;64,745.40;8,484.76;4,205.43; - ;19,015.04;721.04;9,005.37; - ;596.33;148.95; - ; - ; - ;1,647.63; - ;3,060,000.75
feb-20;611,314.13;741,509.07;1,352,823.20; - ;1,237,018.37;12,300.92;1,249,319.29;451,331.70;23,690.30; - ;71,115.46;158,888.73;5,960.00;849,463.41;21,047.21;177.68;8,881.49; - ;237.16; - ; - ; - ; - ;2,607.12; - ;4,195,542.75
mar-20;809,640.18;735,491.29;1,545,131.47; - ;1,367,335.14;1,991.32;1,369,326.46;643,278.89; - ; - ;116,115.40;262,105.89;3,351.04;249,651.49;22,930.96;590.64;10,977.78; - ;920.12; - ; - ; - ; - ;1,267.79; - ;4,225,647.93
abr-20;453,153.09;329,134.18;782,287.27; - ;834,366.52; - ;834,366.52;510,349.93;288.62; - ; - ;195,126.19;2,443.86; - ;21,591.95;363.63;6,952.78; - ;756.32;144.57; - ; - ; - ; - ; - ;2,354,671.64
may-20;170,292.50;415,805.82;586,098.32; - ;691,066.44;2,997.10;694,063.54;616,381.45; - ; - ; - ;77,729.35;5,300.00;231,418.00;16,064.15;507.39;6,147.08; - ;396.85;72.29; - ; - ; - ; - ; - ;2,234,178.42
jun-20;415,672.19;683,322.72;1,098,994.91; - ;1,066,148.05;48,945.91;1,115,093.96;467,664.76; - ; - ;18,372.88;126,935.72;5,451.00;241,228.00;15,086.16;364.94;9,716.36;259.99;280.4; - ; - ; - ; - ; - ; - ;3,099,449.08
jul-20;347,541.59;451,717.75;799,259.34; - ;779,930.57; - ;779,930.57;675,337.54; - ; - ;29,742.42;95,456.23;4,142.86;602,780.29;24,023.78;311.23;7,703.40;247.67; - ;72.29; - ; - ; - ; - ; - ;3,019,007.62
ago-20;414,416.34;547,899.55;962,315.89; - ;791,258.19;7,998.76;799,256.95;634,320.07; - ; - ;46,730.75;60,562.44;3,118.87; - ;18,020.13;393.75;4,201.86;1.14;524.4;72.29; - ; - ; - ; - ; - ;2,529,518.54
sep-20;563,742.50;591,799.83;1,155,542.33; - ;1,021,360.83; - ;1,021,360.83;315,527.09;2,261.75; - ; - ;28,529.93;579.76;351,581.75;18,803.77;329.23;19,486.30; - ; - ;72.29; - ; - ; - ;356.4; - ;2,914,431.43
oct-20;733,692.01;861,840.54;1,595,532.55; - ;891,340.69; - ;891,340.69;960,840.53; - ; - ;22,389.55;170,477.00;4,594.86; - ;25,940.04;369.36;6,118.08;0.38;519.98;72.86; - ; - ; - ; - ; - ;3,678,195.88
nov-20;570,262.17;696,600.14;1,266,862.31; - ;1,152,909.51;44,596.07;1,197,505.58;328,603.13;708.35; - ;26,211.17;160,324.99;2,720.06;357,873.68;24,172.72;388.25;24,501.43;60;339; - ; - ; - ; - ;933.81; - ;3,391,204.48
dic-20;777,450.55;780,347.28;1,557,797.83; - ;1,050,560.83; - ;1,050,560.83;684,160.08;176.69; - ;36,051.00;105,609.42;4,862.74;281,577.99;24,292.17;668.76;10,024.51;7.67;287.36;144.57; - ; - ; - ;1,116.47; - ;3,757,338.09
ene-21;642,652.37;626,537.48;1,269,189.85; - ;1,185,644.96;1,499.38;1,187,144.34;475,619.49; - ; - ;34,039.29;74,116.04;2,857.14;360,218.54;32,297.51;559.25;13,170.43; - ;158.88; - ; - ; - ; - ;285.71; - ;3,449,656.47
feb-21;726,508.78;715,261.34;1,441,770.12; - ;1,076,824.67;1,203.34;1,078,028.01;617,783.16; - ; - ;36,199.22;90,475.23;2,944.55; - ;25,775.47;469.36;14,072.44;2.85;597.3; - ; - ; - ; - ;1,941.72; - ;3,310,059.43
mar-21;850,334.64;772,750.01;1,623,084.65; - ;1,345,110.18;13,415.05;1,358,525.23;549,815.26;22,193.67; - ;44,504.81;219,041.83;2,766.58;232,451.50;39,423.46;512.05;3,701.67;48;329.9; - ; - ; - ; - ;1,543.65; - ;4,097,942.26
abr-21;1,227,173.53;634,408.89;1,861,582.42; - ;1,250,171.58;39,568.59;1,289,740.17;664,443.94; - ; - ;60,378.83;134,271.99;2,373.03; - ;34,386.10;944.87;18,400.35; - ;331.4; - ; - ; - ; - ;1,008.98;191;4,068,053.08
may-21;649,783.14;669,085.78;1,318,868.92; - ;1,279,017.24; - ;1,279,017.24;678,501.06; - ; - ;34,196.00;70,289.08;4,002.38;554,574.24;46,934.14;278.79;22,306.42;3.4;907.08; - ; - ; - ; - ;1,689.58; - ;4,011,568.33
jun-21;623,695.20;833,544.64;1,457,239.84; - ;1,440,106.47;1,489.69;1,441,596.16;466,658.55; - ; - ;72,527.45;222,211.83;2,746.31; - ;29,240.60;407.59;4,781.62;1.56;418; - ; - ; - ; - ;1,762.73;937.08;3,700,529.32
jul-21;689,717.29;833,732.31;1,523,449.60; - ;1,110,409.53;23,256.67;1,133,666.20;665,263.10; - ; - ;53,322.76;37,527.59;3,825.70;274,703.81;35,080.77;204.15;14,357.33; - ;474.4; - ; - ; - ; - ;1,315.27;1,801.91;3,744,992.59
ago-21;685,977.45;664,522.74;1,350,500.19; - ;1,175,960.64;1,888.95;1,177,849.59;746,002.48;3,390.96; - ;47,443.21;105,776.21;2,714.29;585,160.46;28,578.20;236.64;7,124.19; - ;59; - ; - ; - ; - ;1,237.75; - ;4,056,073.17
sep-21;646,233.31;844,430.03;1,490,663.34; - ;896,539.24; - ;896,539.24;689,829.47; - ; - ;38,914.43;107,267.84;2,285.90;215,709.34;25,507.27;342.49;1,993.73;28;243.6; - ; - ; - ; - ;1,669.70; - ;3,470,994.35
oct-21;589,405.56;522,701.11;1,112,106.67; - ;1,542,473.57;41,348.99;1,583,822.56;696,346.90; - ; - ;93,077.24;160,474.20;5,087.46;259,087.00;21,800.64;229.98;5,945.58;1.51;764.35; - ; - ; - ; - ;2,395.35; - ;3,941,139.44
nov-21;623,392.63;692,267.31;1,315,659.94; - ;1,029,780.80; - ;1,029,780.80;524,186.50;1,731.86; - ;39,207.43;70,030.27;5,428.57;263,869.47;27,112.87;340.01;21,329.70;162.26;310.23; - ; - ; - ; - ;887.73; - ;3,300,037.64
dic-21;640,981.15;785,313.56;1,426,294.71; - ;1,294,042.31; - ;1,294,042.31;679,415.09; - ; - ;80,357.56;208,358.64;4,503.81;264,644.14;25,260.10;266.64;18,835.04;1.04;279.14; - ; - ; - ; - ;2,212.32; - ;4,004,470.54
ene-22;947,207.51;848,902.97;1,796,110.48; - ;1,438,571.28;4,000.00;1,442,571.28;657,185.75;24,251.44; - ;45,177.60;88,967.71;3,714.29;579,700.89;23,369.82;6,903.32;799.03;1.59;429.11; - ; - ; - ; - ;2,669.51;1,014.29;4,672,866.11
feb-22;673,653.80;723,925.74;1,397,579.54; - ;1,217,495.31; - ;1,217,495.31;673,218.30; - ; - ;49,143.86;75,860.50;5,046.42;524,685.89;30,187.06;1,346.43;13,256.25;0.07;690.84; - ; - ; - ; - ; - ;1,005.96;3,989,516.43
mar-22;592,318.21;772,406.10;1,364,724.31; - ;1,246,975.12;15,098.98;1,262,074.10;713,553.44;1,845.88; - ;101,583.78;166,928.38;5,247.62;882,244.12;29,194.08;9,793.50;4,104.41;360.06;255.31; - ; - ; - ; - ;1,523.00;4,115.91;4,547,547.89
abr-22;493,951.75;906,104.05;1,400,055.80; - ;1,284,453.73;4,034.55;1,288,488.28;693,964.40; - ; - ;56,182.73;307,291.31;2,333.68;527,111.79;27,989.39;5,125.91;1,454.76;414.41;412.19; - ; - ; - ; - ;1,143.00; - ;4,311,967.65
may-22;663,348.94;762,776.12;1,426,125.06; - ;1,306,453.44;9,040.11;1,315,493.55;667,272.19; - ; - ;62,999.86;72,864.51;5,298.67;245,972.00;21,391.09;7,863.49;13,483.53;513.83;403.17; - ; - ; - ; - ; - ; - ;3,839,680.95
jun-22; - ; - ;0; - ; - ; - ;0; - ; - ; - ; - ; - ; - ; - ; - ; - ; - ; - ; - ; - ; - ; - ; - ; - ; - ;0
jul-22; - ; - ;0; - ; - ; - ;0; - ; - ; - ; - ; - ; - ; - ; - ; - ; - ; - ; - ; - ; - ; - ; - ; - ; - ;0
ago-22; - ; - ;0; - ; - ; - ;0; - ; - ; - ; - ; - ; - ; - ; - ; - ; - ; - ; - ; - ; - ; - ; - ; - ; - ;0
sep-22; - ; - ;0; - ; - ; - ;0; - ; - ; - ; - ; - ; - ; - ; - ; - ; - ; - ; - ; - ; - ; - ; - ; - ; - ;0
oct-22; - ; - ;0; - ; - ; - ;0; - ; - ; - ; - ; - ; - ; - ; - ; - ; - ; - ; - ; - ; - ; - ; - ; - ; - ;0
nov-22; - ; - ;0; - ; - ; - ;0; - ; - ; - ; - ; - ; - ; - ; - ; - ; - ; - ; - ; - ; - ; - ; - ; - ; - ;0
dic-22; - ; - ;0; - ; - ; - ;0; - ; - ; - ; - ; - ; - ; - ; - ; - ; - ; - ; - ; - ; - ; - ; - ; - ; - ;0
